scrape_ts,source,origin,destination,depart_date,return_date,airline,depart_time,arrival_time,price,currency,raw_url,run_id,scrape_date,days_to_flight,depart_weekday,is_weekend,time_of_day
2026-04-27 21:08:31.780793+03:00,enuygun,IST,AYT,2026-05-07,2026-05-09,Unknown,,,1475.0,TRY,https://www.enuygun.com/ucak-bileti/arama/istanbul-antalya-havalimani-ista-ayt/?gidis=07.05.2026&donus=09.05.2026&yetiskin=1&sinif=ekonomi&currency=TRY&save=1&ref=homepage&geotrip=domestic&trip=domestic,20260427_210831,2026-04-27,10,Thursday,0,Bilinmiyor
2026-04-27 21:08:31.829717+03:00,enuygun,IST,AYT,2026-05-07,2026-05-09,Unknown,,,1479.0,TRY,https://www.enuygun.com/ucak-bileti/arama/istanbul-antalya-havalimani-ista-ayt/?gidis=07.05.2026&donus=09.05.2026&yetiskin=1&sinif=ekonomi&currency=TRY&save=1&ref=homepage&geotrip=domestic&trip=domestic,20260427_210831,2026-04-27,10,Thursday,0,Bilinmiyor
2026-04-27 21:08:31.867228+03:00,enuygun,IST,AYT,2026-05-07,2026-05-09,Unknown,,,1688.0,TRY,https://www.enuygun.com/ucak-bileti/arama/istanbul-antalya-havalimani-ista-ayt/?gidis=07.05.2026&donus=09.05.2026&yetiskin=1&sinif=ekonomi&currency=TRY&save=1&ref=homepage&geotrip=domestic&trip=domestic,20260427_210831,2026-04-27,10,Thursday,0,Bilinmiyor
2026-04-27 21:08:31.933717+03:00,enuygun,IST,AYT,2026-05-07,2026-05-09,Unknown,,,1956.0,TRY,https://www.enuygun.com/ucak-bileti/arama/istanbul-antalya-havalimani-ista-ayt/?gidis=07.05.2026&donus=09.05.2026&yetiskin=1&sinif=ekonomi&currency=TRY&save=1&ref=homepage&geotrip=domestic&trip=domestic,20260427_210831,2026-04-27,10,Thursday,0,Bilinmiyor
2026-04-27 21:08:31.964657+03:00,enuygun,IST,AYT,2026-05-07,2026-05-09,Unknown,,,2062.0,TRY,https://www.enuygun.com/ucak-bileti/arama/istanbul-antalya-havalimani-ista-ayt/?gidis=07.05.2026&donus=09.05.2026&yetiskin=1&sinif=ekonomi&currency=TRY&save=1&ref=homepage&geotrip=domestic&trip=domestic,20260427_210831,2026-04-27,10,Thursday,0,Bilinmiyor
2026-04-27 21:08:32.002676+03:00,enuygun,IST,AYT,2026-05-07,2026-05-09,Unknown,,,2130.0,TRY,https://www.enuygun.com/ucak-bileti/arama/istanbul-antalya-havalimani-ista-ayt/?gidis=07.05.2026&donus=09.05.2026&yetiskin=1&sinif=ekonomi&currency=TRY&save=1&ref=homepage&geotrip=domestic&trip=domestic,20260427_210831,2026-04-27,10,Thursday,0,Bilinmiyor
2026-04-27 21:08:32.015842+03:00,enuygun,IST,AYT,2026-05-07,2026-05-09,Unknown,,,2220.0,TRY,https://www.enuygun.com/ucak-bileti/arama/istanbul-antalya-havalimani-ista-ayt/?gidis=07.05.2026&donus=09.05.2026&yetiskin=1&sinif=ekonomi&currency=TRY&save=1&ref=homepage&geotrip=domestic&trip=domestic,20260427_210831,2026-04-27,10,Thursday,0,Bilinmiyor
2026-04-27 21:08:32.044400+03:00,enuygun,IST,AYT,2026-05-07,2026-05-09,Unknown,,,2669.0,TRY,https://www.enuygun.com/ucak-bileti/arama/istanbul-antalya-havalimani-ista-ayt/?gidis=07.05.2026&donus=09.05.2026&yetiskin=1&sinif=ekonomi&currency=TRY&save=1&ref=homepage&geotrip=domestic&trip=domestic,20260427_210831,2026-04-27,10,Thursday,0,Bilinmiyor
2026-04-27 21:08:32.080859+03:00,enuygun,IST,AYT,2026-05-07,2026-05-09,Unknown,,,2746.0,TRY,https://www.enuygun.com/ucak-bileti/arama/istanbul-antalya-havalimani-ista-ayt/?gidis=07.05.2026&donus=09.05.2026&yetiskin=1&sinif=ekonomi&currency=TRY&save=1&ref=homepage&geotrip=domestic&trip=domestic,20260427_210831,2026-04-27,10,Thursday,0,Bilinmiyor
2026-04-27 21:08:32.094187+03:00,enuygun,IST,AYT,2026-05-07,2026-05-09,Unknown,,,2806.0,TRY,https://www.enuygun.com/ucak-bileti/arama/istanbul-antalya-havalimani-ista-ayt/?gidis=07.05.2026&donus=09.05.2026&yetiskin=1&sinif=ekonomi&currency=TRY&save=1&ref=homepage&geotrip=domestic&trip=domestic,20260427_210831,2026-04-27,10,Thursday,0,Bilinmiyor
2026-04-27 21:08:32.125192+03:00,enuygun,IST,AYT,2026-05-07,2026-05-09,Unknown,,,2843.0,TRY,https://www.enuygun.com/ucak-bileti/arama/istanbul-antalya-havalimani-ista-ayt/?gidis=07.05.2026&donus=09.05.2026&yetiskin=1&sinif=ekonomi&currency=TRY&save=1&ref=homepage&geotrip=domestic&trip=domestic,20260427_210831,2026-04-27,10,Thursday,0,Bilinmiyor
2026-04-27 21:08:32.202275+03:00,enuygun,IST,AYT,2026-05-07,2026-05-09,Unknown,,,3031.0,TRY,https://www.enuygun.com/ucak-bileti/arama/istanbul-antalya-havalimani-ista-ayt/?gidis=07.05.2026&donus=09.05.2026&yetiskin=1&sinif=ekonomi&currency=TRY&save=1&ref=homepage&geotrip=domestic&trip=domestic,20260427_210831,2026-04-27,10,Thursday,0,Bilinmiyor
2026-04-27 21:08:32.213935+03:00,enuygun,IST,AYT,2026-05-07,2026-05-09,Unknown,,,3188.0,TRY,https://www.enuygun.com/ucak-bileti/arama/istanbul-antalya-havalimani-ista-ayt/?gidis=07.05.2026&donus=09.05.2026&yetiskin=1&sinif=ekonomi&currency=TRY&save=1&ref=homepage&geotrip=domestic&trip=domestic,20260427_210831,2026-04-27,10,Thursday,0,Bilinmiyor
2026-04-27 21:08:32.244824+03:00,enuygun,IST,AYT,2026-05-07,2026-05-09,Unknown,,,3331.0,TRY,https://www.enuygun.com/ucak-bileti/arama/istanbul-antalya-havalimani-ista-ayt/?gidis=07.05.2026&donus=09.05.2026&yetiskin=1&sinif=ekonomi&currency=TRY&save=1&ref=homepage&geotrip=domestic&trip=domestic,20260427_210831,2026-04-27,10,Thursday,0,Bilinmiyor
2026-04-27 21:08:32.257286+03:00,enuygun,IST,AYT,2026-05-07,2026-05-09,Unknown,,,3381.0,TRY,https://www.enuygun.com/ucak-bileti/arama/istanbul-antalya-havalimani-ista-ayt/?gidis=07.05.2026&donus=09.05.2026&yetiskin=1&sinif=ekonomi&currency=TRY&save=1&ref=homepage&geotrip=domestic&trip=domestic,20260427_210831,2026-04-27,10,Thursday,0,Bilinmiyor
2026-04-27 21:08:32.268299+03:00,enuygun,IST,AYT,2026-05-07,2026-05-09,Unknown,,,3538.0,TRY,https://www.enuygun.com/ucak-bileti/arama/istanbul-antalya-havalimani-ista-ayt/?gidis=07.05.2026&donus=09.05.2026&yetiskin=1&sinif=ekonomi&currency=TRY&save=1&ref=homepage&geotrip=domestic&trip=domestic,20260427_210831,2026-04-27,10,Thursday,0,Bilinmiyor
2026-04-27 21:08:32.300955+03:00,enuygun,IST,AYT,2026-05-07,2026-05-09,Unknown,,,3911.0,TRY,https://www.enuygun.com/ucak-bileti/arama/istanbul-antalya-havalimani-ista-ayt/?gidis=07.05.2026&donus=09.05.2026&yetiskin=1&sinif=ekonomi&currency=TRY&save=1&ref=homepage&geotrip=domestic&trip=domestic,20260427_210831,2026-04-27,10,Thursday,0,Bilinmiyor
2026-04-27 21:08:32.335285+03:00,enuygun,IST,AYT,2026-05-07,2026-05-09,Unknown,,,4011.0,TRY,https://www.enuygun.com/ucak-bileti/arama/istanbul-antalya-havalimani-ista-ayt/?gidis=07.05.2026&donus=09.05.2026&yetiskin=1&sinif=ekonomi&currency=TRY&save=1&ref=homepage&geotrip=domestic&trip=domestic,20260427_210831,2026-04-27,10,Thursday,0,Bilinmiyor
2026-04-27 21:08:32.347135+03:00,enuygun,IST,AYT,2026-05-07,2026-05-09,Unknown,,,4514.0,TRY,https://www.enuygun.com/ucak-bileti/arama/istanbul-antalya-havalimani-ista-ayt/?gidis=07.05.2026&donus=09.05.2026&yetiskin=1&sinif=ekonomi&currency=TRY&save=1&ref=homepage&geotrip=domestic&trip=domestic,20260427_210831,2026-04-27,10,Thursday,0,Bilinmiyor
2026-04-27 21:08:32.386090+03:00,enuygun,IST,AYT,2026-05-07,2026-05-09,Unknown,,,4619.0,TRY,https://www.enuygun.com/ucak-bileti/arama/istanbul-antalya-havalimani-ista-ayt/?gidis=07.05.2026&donus=09.05.2026&yetiskin=1&sinif=ekonomi&currency=TRY&save=1&ref=homepage&geotrip=domestic&trip=domestic,20260427_210831,2026-04-27,10,Thursday,0,Bilinmiyor
2026-04-27 21:08:32.418189+03:00,enuygun,IST,AYT,2026-05-07,2026-05-09,Unknown,,,5074.0,TRY,https://www.enuygun.com/ucak-bileti/arama/istanbul-antalya-havalimani-ista-ayt/?gidis=07.05.2026&donus=09.05.2026&yetiskin=1&sinif=ekonomi&currency=TRY&save=1&ref=homepage&geotrip=domestic&trip=domestic,20260427_210831,2026-04-27,10,Thursday,0,Bilinmiyor
2026-04-27 21:08:32.431167+03:00,enuygun,IST,AYT,2026-05-07,2026-05-09,Unknown,,,5239.0,TRY,https://www.enuygun.com/ucak-bileti/arama/istanbul-antalya-havalimani-ista-ayt/?gidis=07.05.2026&donus=09.05.2026&yetiskin=1&sinif=ekonomi&currency=TRY&save=1&ref=homepage&geotrip=domestic&trip=domestic,20260427_210831,2026-04-27,10,Thursday,0,Bilinmiyor
2026-04-27 21:08:32.452615+03:00,enuygun,IST,AYT,2026-05-07,2026-05-09,Unknown,,,5526.0,TRY,https://www.enuygun.com/ucak-bileti/arama/istanbul-antalya-havalimani-ista-ayt/?gidis=07.05.2026&donus=09.05.2026&yetiskin=1&sinif=ekonomi&currency=TRY&save=1&ref=homepage&geotrip=domestic&trip=domestic,20260427_210831,2026-04-27,10,Thursday,0,Bilinmiyor
2026-04-27 21:08:32.481687+03:00,enuygun,IST,AYT,2026-05-07,2026-05-09,Unknown,,,6009.0,TRY,https://www.enuygun.com/ucak-bileti/arama/istanbul-antalya-havalimani-ista-ayt/?gidis=07.05.2026&donus=09.05.2026&yetiskin=1&sinif=ekonomi&currency=TRY&save=1&ref=homepage&geotrip=domestic&trip=domestic,20260427_210831,2026-04-27,10,Thursday,0,Bilinmiyor
2026-04-27 21:08:32.502066+03:00,enuygun,IST,AYT,2026-05-07,2026-05-09,Unknown,,,7060.0,TRY,https://www.enuygun.com/ucak-bileti/arama/istanbul-antalya-havalimani-ista-ayt/?gidis=07.05.2026&donus=09.05.2026&yetiskin=1&sinif=ekonomi&currency=TRY&save=1&ref=homepage&geotrip=domestic&trip=domestic,20260427_210831,2026-04-27,10,Thursday,0,Bilinmiyor
2026-04-27 21:08:32.537471+03:00,enuygun,IST,AYT,2026-05-07,2026-05-09,Unknown,,,7329.0,TRY,https://www.enuygun.com/ucak-bileti/arama/istanbul-antalya-havalimani-ista-ayt/?gidis=07.05.2026&donus=09.05.2026&yetiskin=1&sinif=ekonomi&currency=TRY&save=1&ref=homepage&geotrip=domestic&trip=domestic,20260427_210831,2026-04-27,10,Thursday,0,Bilinmiyor
2026-04-27 21:08:32.547594+03:00,enuygun,IST,AYT,2026-05-07,2026-05-09,Unknown,,,7334.0,TRY,https://www.enuygun.com/ucak-bileti/arama/istanbul-antalya-havalimani-ista-ayt/?gidis=07.05.2026&donus=09.05.2026&yetiskin=1&sinif=ekonomi&currency=TRY&save=1&ref=homepage&geotrip=domestic&trip=domestic,20260427_210831,2026-04-27,10,Thursday,0,Bilinmiyor
2026-04-27 21:08:32.559913+03:00,enuygun,IST,AYT,2026-05-07,2026-05-09,Unknown,,,7335.0,TRY,https://www.enuygun.com/ucak-bileti/arama/istanbul-antalya-havalimani-ista-ayt/?gidis=07.05.2026&donus=09.05.2026&yetiskin=1&sinif=ekonomi&currency=TRY&save=1&ref=homepage&geotrip=domestic&trip=domestic,20260427_210831,2026-04-27,10,Thursday,0,Bilinmiyor
2026-04-27 21:22:43.482931+03:00,enuygun,IST,AYT,2026-05-07,2026-05-09,Unknown,,,1475.0,TRY,https://www.enuygun.com/ucak-bileti/arama/istanbul-antalya-havalimani-ista-ayt/?gidis=07.05.2026&donus=09.05.2026&yetiskin=1&sinif=ekonomi&currency=TRY&save=1&ref=homepage&geotrip=domestic&trip=domestic,20260427_212243,2026-04-27,10,Thursday,0,Bilinmiyor
2026-04-27 21:22:43.514551+03:00,enuygun,IST,AYT,2026-05-07,2026-05-09,Unknown,,,1479.0,TRY,https://www.enuygun.com/ucak-bileti/arama/istanbul-antalya-havalimani-ista-ayt/?gidis=07.05.2026&donus=09.05.2026&yetiskin=1&sinif=ekonomi&currency=TRY&save=1&ref=homepage&geotrip=domestic&trip=domestic,20260427_212243,2026-04-27,10,Thursday,0,Bilinmiyor
2026-04-27 21:22:43.539268+03:00,enuygun,IST,AYT,2026-05-07,2026-05-09,Unknown,,,1688.0,TRY,https://www.enuygun.com/ucak-bileti/arama/istanbul-antalya-havalimani-ista-ayt/?gidis=07.05.2026&donus=09.05.2026&yetiskin=1&sinif=ekonomi&currency=TRY&save=1&ref=homepage&geotrip=domestic&trip=domestic,20260427_212243,2026-04-27,10,Thursday,0,Bilinmiyor
2026-04-27 21:22:43.575569+03:00,enuygun,IST,AYT,2026-05-07,2026-05-09,Unknown,,,1956.0,TRY,https://www.enuygun.com/ucak-bileti/arama/istanbul-antalya-havalimani-ista-ayt/?gidis=07.05.2026&donus=09.05.2026&yetiskin=1&sinif=ekonomi&currency=TRY&save=1&ref=homepage&geotrip=domestic&trip=domestic,20260427_212243,2026-04-27,10,Thursday,0,Bilinmiyor
2026-04-27 21:22:43.586578+03:00,enuygun,IST,AYT,2026-05-07,2026-05-09,Unknown,,,2062.0,TRY,https://www.enuygun.com/ucak-bileti/arama/istanbul-antalya-havalimani-ista-ayt/?gidis=07.05.2026&donus=09.05.2026&yetiskin=1&sinif=ekonomi&currency=TRY&save=1&ref=homepage&geotrip=domestic&trip=domestic,20260427_212243,2026-04-27,10,Thursday,0,Bilinmiyor
2026-04-27 21:22:43.611342+03:00,enuygun,IST,AYT,2026-05-07,2026-05-09,Unknown,,,2130.0,TRY,https://www.enuygun.com/ucak-bileti/arama/istanbul-antalya-havalimani-ista-ayt/?gidis=07.05.2026&donus=09.05.2026&yetiskin=1&sinif=ekonomi&currency=TRY&save=1&ref=homepage&geotrip=domestic&trip=domestic,20260427_212243,2026-04-27,10,Thursday,0,Bilinmiyor
2026-04-27 21:22:43.622222+03:00,enuygun,IST,AYT,2026-05-07,2026-05-09,Unknown,,,2220.0,TRY,https://www.enuygun.com/ucak-bileti/arama/istanbul-antalya-havalimani-ista-ayt/?gidis=07.05.2026&donus=09.05.2026&yetiskin=1&sinif=ekonomi&currency=TRY&save=1&ref=homepage&geotrip=domestic&trip=domestic,20260427_212243,2026-04-27,10,Thursday,0,Bilinmiyor
2026-04-27 21:22:43.644117+03:00,enuygun,IST,AYT,2026-05-07,2026-05-09,Unknown,,,2669.0,TRY,https://www.enuygun.com/ucak-bileti/arama/istanbul-antalya-havalimani-ista-ayt/?gidis=07.05.2026&donus=09.05.2026&yetiskin=1&sinif=ekonomi&currency=TRY&save=1&ref=homepage&geotrip=domestic&trip=domestic,20260427_212243,2026-04-27,10,Thursday,0,Bilinmiyor
2026-04-27 21:22:43.656117+03:00,enuygun,IST,AYT,2026-05-07,2026-05-09,Unknown,,,2746.0,TRY,https://www.enuygun.com/ucak-bileti/arama/istanbul-antalya-havalimani-ista-ayt/?gidis=07.05.2026&donus=09.05.2026&yetiskin=1&sinif=ekonomi&currency=TRY&save=1&ref=homepage&geotrip=domestic&trip=domestic,20260427_212243,2026-04-27,10,Thursday,0,Bilinmiyor
2026-04-27 21:22:43.668123+03:00,enuygun,IST,AYT,2026-05-07,2026-05-09,Unknown,,,2806.0,TRY,https://www.enuygun.com/ucak-bileti/arama/istanbul-antalya-havalimani-ista-ayt/?gidis=07.05.2026&donus=09.05.2026&yetiskin=1&sinif=ekonomi&currency=TRY&save=1&ref=homepage&geotrip=domestic&trip=domestic,20260427_212243,2026-04-27,10,Thursday,0,Bilinmiyor
2026-04-27 21:22:43.683626+03:00,enuygun,IST,AYT,2026-05-07,2026-05-09,Unknown,,,2843.0,TRY,https://www.enuygun.com/ucak-bileti/arama/istanbul-antalya-havalimani-ista-ayt/?gidis=07.05.2026&donus=09.05.2026&yetiskin=1&sinif=ekonomi&currency=TRY&save=1&ref=homepage&geotrip=domestic&trip=domestic,20260427_212243,2026-04-27,10,Thursday,0,Bilinmiyor
2026-04-27 21:22:43.708539+03:00,enuygun,IST,AYT,2026-05-07,2026-05-09,Unknown,,,3031.0,TRY,https://www.enuygun.com/ucak-bileti/arama/istanbul-antalya-havalimani-ista-ayt/?gidis=07.05.2026&donus=09.05.2026&yetiskin=1&sinif=ekonomi&currency=TRY&save=1&ref=homepage&geotrip=domestic&trip=domestic,20260427_212243,2026-04-27,10,Thursday,0,Bilinmiyor
2026-04-27 21:22:43.721666+03:00,enuygun,IST,AYT,2026-05-07,2026-05-09,Unknown,,,3188.0,TRY,https://www.enuygun.com/ucak-bileti/arama/istanbul-antalya-havalimani-ista-ayt/?gidis=07.05.2026&donus=09.05.2026&yetiskin=1&sinif=ekonomi&currency=TRY&save=1&ref=homepage&geotrip=domestic&trip=domestic,20260427_212243,2026-04-27,10,Thursday,0,Bilinmiyor
2026-04-27 21:22:43.760591+03:00,enuygun,IST,AYT,2026-05-07,2026-05-09,Unknown,,,3331.0,TRY,https://www.enuygun.com/ucak-bileti/arama/istanbul-antalya-havalimani-ista-ayt/?gidis=07.05.2026&donus=09.05.2026&yetiskin=1&sinif=ekonomi&currency=TRY&save=1&ref=homepage&geotrip=domestic&trip=domestic,20260427_212243,2026-04-27,10,Thursday,0,Bilinmiyor
2026-04-27 21:22:43.772762+03:00,enuygun,IST,AYT,2026-05-07,2026-05-09,Unknown,,,3381.0,TRY,https://www.enuygun.com/ucak-bileti/arama/istanbul-antalya-havalimani-ista-ayt/?gidis=07.05.2026&donus=09.05.2026&yetiskin=1&sinif=ekonomi&currency=TRY&save=1&ref=homepage&geotrip=domestic&trip=domestic,20260427_212243,2026-04-27,10,Thursday,0,Bilinmiyor
2026-04-27 21:22:43.787895+03:00,enuygun,IST,AYT,2026-05-07,2026-05-09,Unknown,,,3538.0,TRY,https://www.enuygun.com/ucak-bileti/arama/istanbul-antalya-havalimani-ista-ayt/?gidis=07.05.2026&donus=09.05.2026&yetiskin=1&sinif=ekonomi&currency=TRY&save=1&ref=homepage&geotrip=domestic&trip=domestic,20260427_212243,2026-04-27,10,Thursday,0,Bilinmiyor
2026-04-27 21:22:43.868430+03:00,enuygun,IST,AYT,2026-05-07,2026-05-09,Unknown,,,3911.0,TRY,https://www.enuygun.com/ucak-bileti/arama/istanbul-antalya-havalimani-ista-ayt/?gidis=07.05.2026&donus=09.05.2026&yetiskin=1&sinif=ekonomi&currency=TRY&save=1&ref=homepage&geotrip=domestic&trip=domestic,20260427_212243,2026-04-27,10,Thursday,0,Bilinmiyor
2026-04-27 21:22:43.922149+03:00,enuygun,IST,AYT,2026-05-07,2026-05-09,Unknown,,,4011.0,TRY,https://www.enuygun.com/ucak-bileti/arama/istanbul-antalya-havalimani-ista-ayt/?gidis=07.05.2026&donus=09.05.2026&yetiskin=1&sinif=ekonomi&currency=TRY&save=1&ref=homepage&geotrip=domestic&trip=domestic,20260427_212243,2026-04-27,10,Thursday,0,Bilinmiyor
2026-04-27 21:22:43.932868+03:00,enuygun,IST,AYT,2026-05-07,2026-05-09,Unknown,,,4514.0,TRY,https://www.enuygun.com/ucak-bileti/arama/istanbul-antalya-havalimani-ista-ayt/?gidis=07.05.2026&donus=09.05.2026&yetiskin=1&sinif=ekonomi&currency=TRY&save=1&ref=homepage&geotrip=domestic&trip=domestic,20260427_212243,2026-04-27,10,Thursday,0,Bilinmiyor
2026-04-27 21:22:43.963998+03:00,enuygun,IST,AYT,2026-05-07,2026-05-09,Unknown,,,4619.0,TRY,https://www.enuygun.com/ucak-bileti/arama/istanbul-antalya-havalimani-ista-ayt/?gidis=07.05.2026&donus=09.05.2026&yetiskin=1&sinif=ekonomi&currency=TRY&save=1&ref=homepage&geotrip=domestic&trip=domestic,20260427_212243,2026-04-27,10,Thursday,0,Bilinmiyor
2026-04-27 21:22:43.994295+03:00,enuygun,IST,AYT,2026-05-07,2026-05-09,Unknown,,,5074.0,TRY,https://www.enuygun.com/ucak-bileti/arama/istanbul-antalya-havalimani-ista-ayt/?gidis=07.05.2026&donus=09.05.2026&yetiskin=1&sinif=ekonomi&currency=TRY&save=1&ref=homepage&geotrip=domestic&trip=domestic,20260427_212243,2026-04-27,10,Thursday,0,Bilinmiyor
2026-04-27 21:22:44.008908+03:00,enuygun,IST,AYT,2026-05-07,2026-05-09,Unknown,,,5239.0,TRY,https://www.enuygun.com/ucak-bileti/arama/istanbul-antalya-havalimani-ista-ayt/?gidis=07.05.2026&donus=09.05.2026&yetiskin=1&sinif=ekonomi&currency=TRY&save=1&ref=homepage&geotrip=domestic&trip=domestic,20260427_212243,2026-04-27,10,Thursday,0,Bilinmiyor
2026-04-27 21:22:44.032420+03:00,enuygun,IST,AYT,2026-05-07,2026-05-09,Unknown,,,5526.0,TRY,https://www.enuygun.com/ucak-bileti/arama/istanbul-antalya-havalimani-ista-ayt/?gidis=07.05.2026&donus=09.05.2026&yetiskin=1&sinif=ekonomi&currency=TRY&save=1&ref=homepage&geotrip=domestic&trip=domestic,20260427_212243,2026-04-27,10,Thursday,0,Bilinmiyor
2026-04-27 21:22:44.059099+03:00,enuygun,IST,AYT,2026-05-07,2026-05-09,Unknown,,,6009.0,TRY,https://www.enuygun.com/ucak-bileti/arama/istanbul-antalya-havalimani-ista-ayt/?gidis=07.05.2026&donus=09.05.2026&yetiskin=1&sinif=ekonomi&currency=TRY&save=1&ref=homepage&geotrip=domestic&trip=domestic,20260427_212243,2026-04-27,10,Thursday,0,Bilinmiyor
2026-04-27 21:22:44.071910+03:00,enuygun,IST,AYT,2026-05-07,2026-05-09,Unknown,,,7060.0,TRY,https://www.enuygun.com/ucak-bileti/arama/istanbul-antalya-havalimani-ista-ayt/?gidis=07.05.2026&donus=09.05.2026&yetiskin=1&sinif=ekonomi&currency=TRY&save=1&ref=homepage&geotrip=domestic&trip=domestic,20260427_212243,2026-04-27,10,Thursday,0,Bilinmiyor
2026-04-27 21:22:44.107669+03:00,enuygun,IST,AYT,2026-05-07,2026-05-09,Unknown,,,7329.0,TRY,https://www.enuygun.com/ucak-bileti/arama/istanbul-antalya-havalimani-ista-ayt/?gidis=07.05.2026&donus=09.05.2026&yetiskin=1&sinif=ekonomi&currency=TRY&save=1&ref=homepage&geotrip=domestic&trip=domestic,20260427_212243,2026-04-27,10,Thursday,0,Bilinmiyor
2026-04-27 21:22:44.118669+03:00,enuygun,IST,AYT,2026-05-07,2026-05-09,Unknown,,,7334.0,TRY,https://www.enuygun.com/ucak-bileti/arama/istanbul-antalya-havalimani-ista-ayt/?gidis=07.05.2026&donus=09.05.2026&yetiskin=1&sinif=ekonomi&currency=TRY&save=1&ref=homepage&geotrip=domestic&trip=domestic,20260427_212243,2026-04-27,10,Thursday,0,Bilinmiyor
2026-04-27 21:22:44.129602+03:00,enuygun,IST,AYT,2026-05-07,2026-05-09,Unknown,,,7335.0,TRY,https://www.enuygun.com/ucak-bileti/arama/istanbul-antalya-havalimani-ista-ayt/?gidis=07.05.2026&donus=09.05.2026&yetiskin=1&sinif=ekonomi&currency=TRY&save=1&ref=homepage&geotrip=domestic&trip=domestic,20260427_212243,2026-04-27,10,Thursday,0,Bilinmiyor
2026-04-27 21:22:56.379375+03:00,enuygun,SAW,ESB,2026-05-07,2026-05-09,Unknown,,,1475.0,TRY,https://www.enuygun.com/ucak-bileti/arama/istanbul-sabiha-gokcen-havalimani-ankara-esenboga-havalimani-saw-esb/?gidis=07.05.2026&donus=09.05.2026&yetiskin=1&sinif=ekonomi&currency=TRY&save=1,20260427_212256,2026-04-27,10,Thursday,0,Bilinmiyor
2026-04-27 21:22:56.414049+03:00,enuygun,SAW,ESB,2026-05-07,2026-05-09,Unknown,,,1479.0,TRY,https://www.enuygun.com/ucak-bileti/arama/istanbul-sabiha-gokcen-havalimani-ankara-esenboga-havalimani-saw-esb/?gidis=07.05.2026&donus=09.05.2026&yetiskin=1&sinif=ekonomi&currency=TRY&save=1,20260427_212256,2026-04-27,10,Thursday,0,Bilinmiyor
2026-04-27 21:22:56.482442+03:00,enuygun,SAW,ESB,2026-05-07,2026-05-09,Unknown,,,2006.0,TRY,https://www.enuygun.com/ucak-bileti/arama/istanbul-sabiha-gokcen-havalimani-ankara-esenboga-havalimani-saw-esb/?gidis=07.05.2026&donus=09.05.2026&yetiskin=1&sinif=ekonomi&currency=TRY&save=1,20260427_212256,2026-04-27,10,Thursday,0,Bilinmiyor
2026-04-27 21:22:56.492444+03:00,enuygun,SAW,ESB,2026-05-07,2026-05-09,Unknown,,,2062.0,TRY,https://www.enuygun.com/ucak-bileti/arama/istanbul-sabiha-gokcen-havalimani-ankara-esenboga-havalimani-saw-esb/?gidis=07.05.2026&donus=09.05.2026&yetiskin=1&sinif=ekonomi&currency=TRY&save=1,20260427_212256,2026-04-27,10,Thursday,0,Bilinmiyor
2026-04-27 21:22:56.501926+03:00,enuygun,SAW,ESB,2026-05-07,2026-05-09,Unknown,,,2315.0,TRY,https://www.enuygun.com/ucak-bileti/arama/istanbul-sabiha-gokcen-havalimani-ankara-esenboga-havalimani-saw-esb/?gidis=07.05.2026&donus=09.05.2026&yetiskin=1&sinif=ekonomi&currency=TRY&save=1,20260427_212256,2026-04-27,10,Thursday,0,Bilinmiyor
2026-04-27 21:22:56.513087+03:00,enuygun,SAW,ESB,2026-05-07,2026-05-09,Unknown,,,2952.0,TRY,https://www.enuygun.com/ucak-bileti/arama/istanbul-sabiha-gokcen-havalimani-ankara-esenboga-havalimani-saw-esb/?gidis=07.05.2026&donus=09.05.2026&yetiskin=1&sinif=ekonomi&currency=TRY&save=1,20260427_212256,2026-04-27,10,Thursday,0,Bilinmiyor
2026-04-27 21:23:07.457984+03:00,enuygun,IST,ADB,2026-05-07,2026-05-09,Unknown,,,1475.0,TRY,https://www.enuygun.com/ucak-bileti/arama/istanbul-izmir-adnan-menderes-havalimani-ista-adb/?gidis=07.05.2026&donus=09.05.2026&yetiskin=1&sinif=ekonomi&currency=TRY&save=1,20260427_212307,2026-04-27,10,Thursday,0,Bilinmiyor
2026-04-27 21:23:07.604734+03:00,enuygun,IST,ADB,2026-05-07,2026-05-09,Unknown,,,1519.0,TRY,https://www.enuygun.com/ucak-bileti/arama/istanbul-izmir-adnan-menderes-havalimani-ista-adb/?gidis=07.05.2026&donus=09.05.2026&yetiskin=1&sinif=ekonomi&currency=TRY&save=1,20260427_212307,2026-04-27,10,Thursday,0,Bilinmiyor
2026-04-27 21:23:07.701753+03:00,enuygun,IST,ADB,2026-05-07,2026-05-09,Unknown,,,1639.0,TRY,https://www.enuygun.com/ucak-bileti/arama/istanbul-izmir-adnan-menderes-havalimani-ista-adb/?gidis=07.05.2026&donus=09.05.2026&yetiskin=1&sinif=ekonomi&currency=TRY&save=1,20260427_212307,2026-04-27,10,Thursday,0,Bilinmiyor
2026-04-27 21:23:07.810125+03:00,enuygun,IST,ADB,2026-05-07,2026-05-09,Unknown,,,1688.0,TRY,https://www.enuygun.com/ucak-bileti/arama/istanbul-izmir-adnan-menderes-havalimani-ista-adb/?gidis=07.05.2026&donus=09.05.2026&yetiskin=1&sinif=ekonomi&currency=TRY&save=1,20260427_212307,2026-04-27,10,Thursday,0,Bilinmiyor
2026-04-27 21:23:07.876856+03:00,enuygun,IST,ADB,2026-05-07,2026-05-09,Unknown,,,1741.0,TRY,https://www.enuygun.com/ucak-bileti/arama/istanbul-izmir-adnan-menderes-havalimani-ista-adb/?gidis=07.05.2026&donus=09.05.2026&yetiskin=1&sinif=ekonomi&currency=TRY&save=1,20260427_212307,2026-04-27,10,Thursday,0,Bilinmiyor
2026-04-27 21:23:07.899526+03:00,enuygun,IST,ADB,2026-05-07,2026-05-09,Unknown,,,1854.0,TRY,https://www.enuygun.com/ucak-bileti/arama/istanbul-izmir-adnan-menderes-havalimani-ista-adb/?gidis=07.05.2026&donus=09.05.2026&yetiskin=1&sinif=ekonomi&currency=TRY&save=1,20260427_212307,2026-04-27,10,Thursday,0,Bilinmiyor
2026-04-27 21:23:07.937213+03:00,enuygun,IST,ADB,2026-05-07,2026-05-09,Unknown,,,2062.0,TRY,https://www.enuygun.com/ucak-bileti/arama/istanbul-izmir-adnan-menderes-havalimani-ista-adb/?gidis=07.05.2026&donus=09.05.2026&yetiskin=1&sinif=ekonomi&currency=TRY&save=1,20260427_212307,2026-04-27,10,Thursday,0,Bilinmiyor
2026-04-27 21:23:08.071453+03:00,enuygun,IST,ADB,2026-05-07,2026-05-09,Unknown,,,2393.0,TRY,https://www.enuygun.com/ucak-bileti/arama/istanbul-izmir-adnan-menderes-havalimani-ista-adb/?gidis=07.05.2026&donus=09.05.2026&yetiskin=1&sinif=ekonomi&currency=TRY&save=1,20260427_212307,2026-04-27,10,Thursday,0,Bilinmiyor
2026-04-27 21:23:08.112548+03:00,enuygun,IST,ADB,2026-05-07,2026-05-09,Unknown,,,2490.0,TRY,https://www.enuygun.com/ucak-bileti/arama/istanbul-izmir-adnan-menderes-havalimani-ista-adb/?gidis=07.05.2026&donus=09.05.2026&yetiskin=1&sinif=ekonomi&currency=TRY&save=1,20260427_212307,2026-04-27,10,Thursday,0,Bilinmiyor
2026-04-27 21:23:08.414631+03:00,enuygun,IST,ADB,2026-05-07,2026-05-09,Unknown,,,2647.0,TRY,https://www.enuygun.com/ucak-bileti/arama/istanbul-izmir-adnan-menderes-havalimani-ista-adb/?gidis=07.05.2026&donus=09.05.2026&yetiskin=1&sinif=ekonomi&currency=TRY&save=1,20260427_212307,2026-04-27,10,Thursday,0,Bilinmiyor
2026-04-27 21:23:08.468704+03:00,enuygun,IST,ADB,2026-05-07,2026-05-09,Unknown,,,2843.0,TRY,https://www.enuygun.com/ucak-bileti/arama/istanbul-izmir-adnan-menderes-havalimani-ista-adb/?gidis=07.05.2026&donus=09.05.2026&yetiskin=1&sinif=ekonomi&currency=TRY&save=1,20260427_212307,2026-04-27,10,Thursday,0,Bilinmiyor
2026-04-27 21:23:08.614824+03:00,enuygun,IST,ADB,2026-05-07,2026-05-09,Unknown,,,2846.0,TRY,https://www.enuygun.com/ucak-bileti/arama/istanbul-izmir-adnan-menderes-havalimani-ista-adb/?gidis=07.05.2026&donus=09.05.2026&yetiskin=1&sinif=ekonomi&currency=TRY&save=1,20260427_212307,2026-04-27,10,Thursday,0,Bilinmiyor
2026-04-27 21:23:08.647696+03:00,enuygun,IST,ADB,2026-05-07,2026-05-09,Unknown,,,3188.0,TRY,https://www.enuygun.com/ucak-bileti/arama/istanbul-izmir-adnan-menderes-havalimani-ista-adb/?gidis=07.05.2026&donus=09.05.2026&yetiskin=1&sinif=ekonomi&currency=TRY&save=1,20260427_212307,2026-04-27,10,Thursday,0,Bilinmiyor
2026-04-27 21:23:08.688757+03:00,enuygun,IST,ADB,2026-05-07,2026-05-09,Unknown,,,3538.0,TRY,https://www.enuygun.com/ucak-bileti/arama/istanbul-izmir-adnan-menderes-havalimani-ista-adb/?gidis=07.05.2026&donus=09.05.2026&yetiskin=1&sinif=ekonomi&currency=TRY&save=1,20260427_212307,2026-04-27,10,Thursday,0,Bilinmiyor
2026-04-27 21:23:08.725089+03:00,enuygun,IST,ADB,2026-05-07,2026-05-09,Unknown,,,3907.0,TRY,https://www.enuygun.com/ucak-bileti/arama/istanbul-izmir-adnan-menderes-havalimani-ista-adb/?gidis=07.05.2026&donus=09.05.2026&yetiskin=1&sinif=ekonomi&currency=TRY&save=1,20260427_212307,2026-04-27,10,Thursday,0,Bilinmiyor
2026-04-27 21:23:08.793014+03:00,enuygun,IST,ADB,2026-05-07,2026-05-09,Unknown,,,4354.0,TRY,https://www.enuygun.com/ucak-bileti/arama/istanbul-izmir-adnan-menderes-havalimani-ista-adb/?gidis=07.05.2026&donus=09.05.2026&yetiskin=1&sinif=ekonomi&currency=TRY&save=1,20260427_212307,2026-04-27,10,Thursday,0,Bilinmiyor
2026-04-27 21:23:08.844808+03:00,enuygun,IST,ADB,2026-05-07,2026-05-09,Unknown,,,4393.0,TRY,https://www.enuygun.com/ucak-bileti/arama/istanbul-izmir-adnan-menderes-havalimani-ista-adb/?gidis=07.05.2026&donus=09.05.2026&yetiskin=1&sinif=ekonomi&currency=TRY&save=1,20260427_212307,2026-04-27,10,Thursday,0,Bilinmiyor
2026-04-27 21:25:33.794792+03:00,enuygun,IST,AYT,2026-05-07,2026-05-09,Unknown,,,1475.0,TRY,https://www.enuygun.com/ucak-bileti/arama/istanbul-antalya-havalimani-ista-ayt/?gidis=07.05.2026&donus=09.05.2026&yetiskin=1&sinif=ekonomi&currency=TRY&save=1&ref=homepage&geotrip=domestic&trip=domestic,20260427_212533,2026-04-27,10,Thursday,0,Bilinmiyor
2026-04-27 21:25:33.834189+03:00,enuygun,IST,AYT,2026-05-07,2026-05-09,Unknown,,,1479.0,TRY,https://www.enuygun.com/ucak-bileti/arama/istanbul-antalya-havalimani-ista-ayt/?gidis=07.05.2026&donus=09.05.2026&yetiskin=1&sinif=ekonomi&currency=TRY&save=1&ref=homepage&geotrip=domestic&trip=domestic,20260427_212533,2026-04-27,10,Thursday,0,Bilinmiyor
2026-04-27 21:25:33.916269+03:00,enuygun,IST,AYT,2026-05-07,2026-05-09,Unknown,,,1688.0,TRY,https://www.enuygun.com/ucak-bileti/arama/istanbul-antalya-havalimani-ista-ayt/?gidis=07.05.2026&donus=09.05.2026&yetiskin=1&sinif=ekonomi&currency=TRY&save=1&ref=homepage&geotrip=domestic&trip=domestic,20260427_212533,2026-04-27,10,Thursday,0,Bilinmiyor
2026-04-27 21:25:33.994228+03:00,enuygun,IST,AYT,2026-05-07,2026-05-09,Unknown,,,1956.0,TRY,https://www.enuygun.com/ucak-bileti/arama/istanbul-antalya-havalimani-ista-ayt/?gidis=07.05.2026&donus=09.05.2026&yetiskin=1&sinif=ekonomi&currency=TRY&save=1&ref=homepage&geotrip=domestic&trip=domestic,20260427_212533,2026-04-27,10,Thursday,0,Bilinmiyor
2026-04-27 21:25:34.019518+03:00,enuygun,IST,AYT,2026-05-07,2026-05-09,Unknown,,,2062.0,TRY,https://www.enuygun.com/ucak-bileti/arama/istanbul-antalya-havalimani-ista-ayt/?gidis=07.05.2026&donus=09.05.2026&yetiskin=1&sinif=ekonomi&currency=TRY&save=1&ref=homepage&geotrip=domestic&trip=domestic,20260427_212533,2026-04-27,10,Thursday,0,Bilinmiyor
2026-04-27 21:25:34.063801+03:00,enuygun,IST,AYT,2026-05-07,2026-05-09,Unknown,,,2130.0,TRY,https://www.enuygun.com/ucak-bileti/arama/istanbul-antalya-havalimani-ista-ayt/?gidis=07.05.2026&donus=09.05.2026&yetiskin=1&sinif=ekonomi&currency=TRY&save=1&ref=homepage&geotrip=domestic&trip=domestic,20260427_212533,2026-04-27,10,Thursday,0,Bilinmiyor
2026-04-27 21:25:34.080320+03:00,enuygun,IST,AYT,2026-05-07,2026-05-09,Unknown,,,2220.0,TRY,https://www.enuygun.com/ucak-bileti/arama/istanbul-antalya-havalimani-ista-ayt/?gidis=07.05.2026&donus=09.05.2026&yetiskin=1&sinif=ekonomi&currency=TRY&save=1&ref=homepage&geotrip=domestic&trip=domestic,20260427_212533,2026-04-27,10,Thursday,0,Bilinmiyor
2026-04-27 21:25:34.110347+03:00,enuygun,IST,AYT,2026-05-07,2026-05-09,Unknown,,,2669.0,TRY,https://www.enuygun.com/ucak-bileti/arama/istanbul-antalya-havalimani-ista-ayt/?gidis=07.05.2026&donus=09.05.2026&yetiskin=1&sinif=ekonomi&currency=TRY&save=1&ref=homepage&geotrip=domestic&trip=domestic,20260427_212533,2026-04-27,10,Thursday,0,Bilinmiyor
2026-04-27 21:25:34.130164+03:00,enuygun,IST,AYT,2026-05-07,2026-05-09,Unknown,,,2746.0,TRY,https://www.enuygun.com/ucak-bileti/arama/istanbul-antalya-havalimani-ista-ayt/?gidis=07.05.2026&donus=09.05.2026&yetiskin=1&sinif=ekonomi&currency=TRY&save=1&ref=homepage&geotrip=domestic&trip=domestic,20260427_212533,2026-04-27,10,Thursday,0,Bilinmiyor
2026-04-27 21:25:34.152925+03:00,enuygun,IST,AYT,2026-05-07,2026-05-09,Unknown,,,2806.0,TRY,https://www.enuygun.com/ucak-bileti/arama/istanbul-antalya-havalimani-ista-ayt/?gidis=07.05.2026&donus=09.05.2026&yetiskin=1&sinif=ekonomi&currency=TRY&save=1&ref=homepage&geotrip=domestic&trip=domestic,20260427_212533,2026-04-27,10,Thursday,0,Bilinmiyor
2026-04-27 21:25:34.170604+03:00,enuygun,IST,AYT,2026-05-07,2026-05-09,Unknown,,,2843.0,TRY,https://www.enuygun.com/ucak-bileti/arama/istanbul-antalya-havalimani-ista-ayt/?gidis=07.05.2026&donus=09.05.2026&yetiskin=1&sinif=ekonomi&currency=TRY&save=1&ref=homepage&geotrip=domestic&trip=domestic,20260427_212533,2026-04-27,10,Thursday,0,Bilinmiyor
2026-04-27 21:25:34.201166+03:00,enuygun,IST,AYT,2026-05-07,2026-05-09,Unknown,,,3031.0,TRY,https://www.enuygun.com/ucak-bileti/arama/istanbul-antalya-havalimani-ista-ayt/?gidis=07.05.2026&donus=09.05.2026&yetiskin=1&sinif=ekonomi&currency=TRY&save=1&ref=homepage&geotrip=domestic&trip=domestic,20260427_212533,2026-04-27,10,Thursday,0,Bilinmiyor
2026-04-27 21:25:34.215947+03:00,enuygun,IST,AYT,2026-05-07,2026-05-09,Unknown,,,3188.0,TRY,https://www.enuygun.com/ucak-bileti/arama/istanbul-antalya-havalimani-ista-ayt/?gidis=07.05.2026&donus=09.05.2026&yetiskin=1&sinif=ekonomi&currency=TRY&save=1&ref=homepage&geotrip=domestic&trip=domestic,20260427_212533,2026-04-27,10,Thursday,0,Bilinmiyor
2026-04-27 21:25:34.289267+03:00,enuygun,IST,AYT,2026-05-07,2026-05-09,Unknown,,,3331.0,TRY,https://www.enuygun.com/ucak-bileti/arama/istanbul-antalya-havalimani-ista-ayt/?gidis=07.05.2026&donus=09.05.2026&yetiskin=1&sinif=ekonomi&currency=TRY&save=1&ref=homepage&geotrip=domestic&trip=domestic,20260427_212533,2026-04-27,10,Thursday,0,Bilinmiyor
2026-04-27 21:25:34.313338+03:00,enuygun,IST,AYT,2026-05-07,2026-05-09,Unknown,,,3381.0,TRY,https://www.enuygun.com/ucak-bileti/arama/istanbul-antalya-havalimani-ista-ayt/?gidis=07.05.2026&donus=09.05.2026&yetiskin=1&sinif=ekonomi&currency=TRY&save=1&ref=homepage&geotrip=domestic&trip=domestic,20260427_212533,2026-04-27,10,Thursday,0,Bilinmiyor
2026-04-27 21:25:34.334785+03:00,enuygun,IST,AYT,2026-05-07,2026-05-09,Unknown,,,3538.0,TRY,https://www.enuygun.com/ucak-bileti/arama/istanbul-antalya-havalimani-ista-ayt/?gidis=07.05.2026&donus=09.05.2026&yetiskin=1&sinif=ekonomi&currency=TRY&save=1&ref=homepage&geotrip=domestic&trip=domestic,20260427_212533,2026-04-27,10,Thursday,0,Bilinmiyor
2026-04-27 21:25:34.377648+03:00,enuygun,IST,AYT,2026-05-07,2026-05-09,Unknown,,,3911.0,TRY,https://www.enuygun.com/ucak-bileti/arama/istanbul-antalya-havalimani-ista-ayt/?gidis=07.05.2026&donus=09.05.2026&yetiskin=1&sinif=ekonomi&currency=TRY&save=1&ref=homepage&geotrip=domestic&trip=domestic,20260427_212533,2026-04-27,10,Thursday,0,Bilinmiyor
2026-04-27 21:25:34.420823+03:00,enuygun,IST,AYT,2026-05-07,2026-05-09,Unknown,,,4011.0,TRY,https://www.enuygun.com/ucak-bileti/arama/istanbul-antalya-havalimani-ista-ayt/?gidis=07.05.2026&donus=09.05.2026&yetiskin=1&sinif=ekonomi&currency=TRY&save=1&ref=homepage&geotrip=domestic&trip=domestic,20260427_212533,2026-04-27,10,Thursday,0,Bilinmiyor
2026-04-27 21:25:34.435740+03:00,enuygun,IST,AYT,2026-05-07,2026-05-09,Unknown,,,4514.0,TRY,https://www.enuygun.com/ucak-bileti/arama/istanbul-antalya-havalimani-ista-ayt/?gidis=07.05.2026&donus=09.05.2026&yetiskin=1&sinif=ekonomi&currency=TRY&save=1&ref=homepage&geotrip=domestic&trip=domestic,20260427_212533,2026-04-27,10,Thursday,0,Bilinmiyor
2026-04-27 21:25:34.469040+03:00,enuygun,IST,AYT,2026-05-07,2026-05-09,Unknown,,,4619.0,TRY,https://www.enuygun.com/ucak-bileti/arama/istanbul-antalya-havalimani-ista-ayt/?gidis=07.05.2026&donus=09.05.2026&yetiskin=1&sinif=ekonomi&currency=TRY&save=1&ref=homepage&geotrip=domestic&trip=domestic,20260427_212533,2026-04-27,10,Thursday,0,Bilinmiyor
2026-04-27 21:25:34.484173+03:00,enuygun,IST,AYT,2026-05-07,2026-05-09,Unknown,,,5074.0,TRY,https://www.enuygun.com/ucak-bileti/arama/istanbul-antalya-havalimani-ista-ayt/?gidis=07.05.2026&donus=09.05.2026&yetiskin=1&sinif=ekonomi&currency=TRY&save=1&ref=homepage&geotrip=domestic&trip=domestic,20260427_212533,2026-04-27,10,Thursday,0,Bilinmiyor
2026-04-27 21:25:34.501162+03:00,enuygun,IST,AYT,2026-05-07,2026-05-09,Unknown,,,5239.0,TRY,https://www.enuygun.com/ucak-bileti/arama/istanbul-antalya-havalimani-ista-ayt/?gidis=07.05.2026&donus=09.05.2026&yetiskin=1&sinif=ekonomi&currency=TRY&save=1&ref=homepage&geotrip=domestic&trip=domestic,20260427_212533,2026-04-27,10,Thursday,0,Bilinmiyor
2026-04-27 21:25:34.528992+03:00,enuygun,IST,AYT,2026-05-07,2026-05-09,Unknown,,,5526.0,TRY,https://www.enuygun.com/ucak-bileti/arama/istanbul-antalya-havalimani-ista-ayt/?gidis=07.05.2026&donus=09.05.2026&yetiskin=1&sinif=ekonomi&currency=TRY&save=1&ref=homepage&geotrip=domestic&trip=domestic,20260427_212533,2026-04-27,10,Thursday,0,Bilinmiyor
2026-04-27 21:25:34.545205+03:00,enuygun,IST,AYT,2026-05-07,2026-05-09,Unknown,,,6009.0,TRY,https://www.enuygun.com/ucak-bileti/arama/istanbul-antalya-havalimani-ista-ayt/?gidis=07.05.2026&donus=09.05.2026&yetiskin=1&sinif=ekonomi&currency=TRY&save=1&ref=homepage&geotrip=domestic&trip=domestic,20260427_212533,2026-04-27,10,Thursday,0,Bilinmiyor
2026-04-27 21:25:34.565902+03:00,enuygun,IST,AYT,2026-05-07,2026-05-09,Unknown,,,7060.0,TRY,https://www.enuygun.com/ucak-bileti/arama/istanbul-antalya-havalimani-ista-ayt/?gidis=07.05.2026&donus=09.05.2026&yetiskin=1&sinif=ekonomi&currency=TRY&save=1&ref=homepage&geotrip=domestic&trip=domestic,20260427_212533,2026-04-27,10,Thursday,0,Bilinmiyor
2026-04-27 21:25:34.616967+03:00,enuygun,IST,AYT,2026-05-07,2026-05-09,Unknown,,,7329.0,TRY,https://www.enuygun.com/ucak-bileti/arama/istanbul-antalya-havalimani-ista-ayt/?gidis=07.05.2026&donus=09.05.2026&yetiskin=1&sinif=ekonomi&currency=TRY&save=1&ref=homepage&geotrip=domestic&trip=domestic,20260427_212533,2026-04-27,10,Thursday,0,Bilinmiyor
2026-04-27 21:25:34.638030+03:00,enuygun,IST,AYT,2026-05-07,2026-05-09,Unknown,,,7334.0,TRY,https://www.enuygun.com/ucak-bileti/arama/istanbul-antalya-havalimani-ista-ayt/?gidis=07.05.2026&donus=09.05.2026&yetiskin=1&sinif=ekonomi&currency=TRY&save=1&ref=homepage&geotrip=domestic&trip=domestic,20260427_212533,2026-04-27,10,Thursday,0,Bilinmiyor
2026-04-27 21:25:34.653945+03:00,enuygun,IST,AYT,2026-05-07,2026-05-09,Unknown,,,7335.0,TRY,https://www.enuygun.com/ucak-bileti/arama/istanbul-antalya-havalimani-ista-ayt/?gidis=07.05.2026&donus=09.05.2026&yetiskin=1&sinif=ekonomi&currency=TRY&save=1&ref=homepage&geotrip=domestic&trip=domestic,20260427_212533,2026-04-27,10,Thursday,0,Bilinmiyor
2026-04-27 21:25:45.207709+03:00,enuygun,SAW,ESB,2026-05-07,2026-05-09,Unknown,,,1475.0,TRY,https://www.enuygun.com/ucak-bileti/arama/istanbul-sabiha-gokcen-havalimani-ankara-esenboga-havalimani-saw-esb/?gidis=07.05.2026&donus=09.05.2026&yetiskin=1&sinif=ekonomi&currency=TRY&save=1,20260427_212545,2026-04-27,10,Thursday,0,Bilinmiyor
2026-04-27 21:25:45.247748+03:00,enuygun,SAW,ESB,2026-05-07,2026-05-09,Unknown,,,1479.0,TRY,https://www.enuygun.com/ucak-bileti/arama/istanbul-sabiha-gokcen-havalimani-ankara-esenboga-havalimani-saw-esb/?gidis=07.05.2026&donus=09.05.2026&yetiskin=1&sinif=ekonomi&currency=TRY&save=1,20260427_212545,2026-04-27,10,Thursday,0,Bilinmiyor
2026-04-27 21:25:45.322331+03:00,enuygun,SAW,ESB,2026-05-07,2026-05-09,Unknown,,,2006.0,TRY,https://www.enuygun.com/ucak-bileti/arama/istanbul-sabiha-gokcen-havalimani-ankara-esenboga-havalimani-saw-esb/?gidis=07.05.2026&donus=09.05.2026&yetiskin=1&sinif=ekonomi&currency=TRY&save=1,20260427_212545,2026-04-27,10,Thursday,0,Bilinmiyor
2026-04-27 21:25:45.335325+03:00,enuygun,SAW,ESB,2026-05-07,2026-05-09,Unknown,,,2062.0,TRY,https://www.enuygun.com/ucak-bileti/arama/istanbul-sabiha-gokcen-havalimani-ankara-esenboga-havalimani-saw-esb/?gidis=07.05.2026&donus=09.05.2026&yetiskin=1&sinif=ekonomi&currency=TRY&save=1,20260427_212545,2026-04-27,10,Thursday,0,Bilinmiyor
2026-04-27 21:25:45.349690+03:00,enuygun,SAW,ESB,2026-05-07,2026-05-09,Unknown,,,2315.0,TRY,https://www.enuygun.com/ucak-bileti/arama/istanbul-sabiha-gokcen-havalimani-ankara-esenboga-havalimani-saw-esb/?gidis=07.05.2026&donus=09.05.2026&yetiskin=1&sinif=ekonomi&currency=TRY&save=1,20260427_212545,2026-04-27,10,Thursday,0,Bilinmiyor
2026-04-27 21:25:45.363948+03:00,enuygun,SAW,ESB,2026-05-07,2026-05-09,Unknown,,,2952.0,TRY,https://www.enuygun.com/ucak-bileti/arama/istanbul-sabiha-gokcen-havalimani-ankara-esenboga-havalimani-saw-esb/?gidis=07.05.2026&donus=09.05.2026&yetiskin=1&sinif=ekonomi&currency=TRY&save=1,20260427_212545,2026-04-27,10,Thursday,0,Bilinmiyor
2026-04-27 21:25:54.446579+03:00,enuygun,IST,ADB,2026-05-07,2026-05-09,Unknown,,,1475.0,TRY,https://www.enuygun.com/ucak-bileti/arama/istanbul-izmir-adnan-menderes-havalimani-ista-adb/?gidis=07.05.2026&donus=09.05.2026&yetiskin=1&sinif=ekonomi&currency=TRY&save=1,20260427_212554,2026-04-27,10,Thursday,0,Bilinmiyor
2026-04-27 21:25:54.493885+03:00,enuygun,IST,ADB,2026-05-07,2026-05-09,Unknown,,,1519.0,TRY,https://www.enuygun.com/ucak-bileti/arama/istanbul-izmir-adnan-menderes-havalimani-ista-adb/?gidis=07.05.2026&donus=09.05.2026&yetiskin=1&sinif=ekonomi&currency=TRY&save=1,20260427_212554,2026-04-27,10,Thursday,0,Bilinmiyor
2026-04-27 21:25:54.510365+03:00,enuygun,IST,ADB,2026-05-07,2026-05-09,Unknown,,,1639.0,TRY,https://www.enuygun.com/ucak-bileti/arama/istanbul-izmir-adnan-menderes-havalimani-ista-adb/?gidis=07.05.2026&donus=09.05.2026&yetiskin=1&sinif=ekonomi&currency=TRY&save=1,20260427_212554,2026-04-27,10,Thursday,0,Bilinmiyor
2026-04-27 21:25:54.553909+03:00,enuygun,IST,ADB,2026-05-07,2026-05-09,Unknown,,,1688.0,TRY,https://www.enuygun.com/ucak-bileti/arama/istanbul-izmir-adnan-menderes-havalimani-ista-adb/?gidis=07.05.2026&donus=09.05.2026&yetiskin=1&sinif=ekonomi&currency=TRY&save=1,20260427_212554,2026-04-27,10,Thursday,0,Bilinmiyor
2026-04-27 21:25:54.578908+03:00,enuygun,IST,ADB,2026-05-07,2026-05-09,Unknown,,,1741.0,TRY,https://www.enuygun.com/ucak-bileti/arama/istanbul-izmir-adnan-menderes-havalimani-ista-adb/?gidis=07.05.2026&donus=09.05.2026&yetiskin=1&sinif=ekonomi&currency=TRY&save=1,20260427_212554,2026-04-27,10,Thursday,0,Bilinmiyor
2026-04-27 21:25:54.593015+03:00,enuygun,IST,ADB,2026-05-07,2026-05-09,Unknown,,,1854.0,TRY,https://www.enuygun.com/ucak-bileti/arama/istanbul-izmir-adnan-menderes-havalimani-ista-adb/?gidis=07.05.2026&donus=09.05.2026&yetiskin=1&sinif=ekonomi&currency=TRY&save=1,20260427_212554,2026-04-27,10,Thursday,0,Bilinmiyor
2026-04-27 21:25:54.606158+03:00,enuygun,IST,ADB,2026-05-07,2026-05-09,Unknown,,,2062.0,TRY,https://www.enuygun.com/ucak-bileti/arama/istanbul-izmir-adnan-menderes-havalimani-ista-adb/?gidis=07.05.2026&donus=09.05.2026&yetiskin=1&sinif=ekonomi&currency=TRY&save=1,20260427_212554,2026-04-27,10,Thursday,0,Bilinmiyor
2026-04-27 21:25:54.657444+03:00,enuygun,IST,ADB,2026-05-07,2026-05-09,Unknown,,,2393.0,TRY,https://www.enuygun.com/ucak-bileti/arama/istanbul-izmir-adnan-menderes-havalimani-ista-adb/?gidis=07.05.2026&donus=09.05.2026&yetiskin=1&sinif=ekonomi&currency=TRY&save=1,20260427_212554,2026-04-27,10,Thursday,0,Bilinmiyor
2026-04-27 21:25:54.670678+03:00,enuygun,IST,ADB,2026-05-07,2026-05-09,Unknown,,,2490.0,TRY,https://www.enuygun.com/ucak-bileti/arama/istanbul-izmir-adnan-menderes-havalimani-ista-adb/?gidis=07.05.2026&donus=09.05.2026&yetiskin=1&sinif=ekonomi&currency=TRY&save=1,20260427_212554,2026-04-27,10,Thursday,0,Bilinmiyor
2026-04-27 21:25:54.845278+03:00,enuygun,IST,ADB,2026-05-07,2026-05-09,Unknown,,,2647.0,TRY,https://www.enuygun.com/ucak-bileti/arama/istanbul-izmir-adnan-menderes-havalimani-ista-adb/?gidis=07.05.2026&donus=09.05.2026&yetiskin=1&sinif=ekonomi&currency=TRY&save=1,20260427_212554,2026-04-27,10,Thursday,0,Bilinmiyor
2026-04-27 21:25:54.858356+03:00,enuygun,IST,ADB,2026-05-07,2026-05-09,Unknown,,,2843.0,TRY,https://www.enuygun.com/ucak-bileti/arama/istanbul-izmir-adnan-menderes-havalimani-ista-adb/?gidis=07.05.2026&donus=09.05.2026&yetiskin=1&sinif=ekonomi&currency=TRY&save=1,20260427_212554,2026-04-27,10,Thursday,0,Bilinmiyor
2026-04-27 21:25:54.907055+03:00,enuygun,IST,ADB,2026-05-07,2026-05-09,Unknown,,,2846.0,TRY,https://www.enuygun.com/ucak-bileti/arama/istanbul-izmir-adnan-menderes-havalimani-ista-adb/?gidis=07.05.2026&donus=09.05.2026&yetiskin=1&sinif=ekonomi&currency=TRY&save=1,20260427_212554,2026-04-27,10,Thursday,0,Bilinmiyor
2026-04-27 21:25:54.918853+03:00,enuygun,IST,ADB,2026-05-07,2026-05-09,Unknown,,,3188.0,TRY,https://www.enuygun.com/ucak-bileti/arama/istanbul-izmir-adnan-menderes-havalimani-ista-adb/?gidis=07.05.2026&donus=09.05.2026&yetiskin=1&sinif=ekonomi&currency=TRY&save=1,20260427_212554,2026-04-27,10,Thursday,0,Bilinmiyor
2026-04-27 21:25:54.930961+03:00,enuygun,IST,ADB,2026-05-07,2026-05-09,Unknown,,,3538.0,TRY,https://www.enuygun.com/ucak-bileti/arama/istanbul-izmir-adnan-menderes-havalimani-ista-adb/?gidis=07.05.2026&donus=09.05.2026&yetiskin=1&sinif=ekonomi&currency=TRY&save=1,20260427_212554,2026-04-27,10,Thursday,0,Bilinmiyor
2026-04-27 21:25:54.943959+03:00,enuygun,IST,ADB,2026-05-07,2026-05-09,Unknown,,,3907.0,TRY,https://www.enuygun.com/ucak-bileti/arama/istanbul-izmir-adnan-menderes-havalimani-ista-adb/?gidis=07.05.2026&donus=09.05.2026&yetiskin=1&sinif=ekonomi&currency=TRY&save=1,20260427_212554,2026-04-27,10,Thursday,0,Bilinmiyor
2026-04-27 21:25:54.970972+03:00,enuygun,IST,ADB,2026-05-07,2026-05-09,Unknown,,,4354.0,TRY,https://www.enuygun.com/ucak-bileti/arama/istanbul-izmir-adnan-menderes-havalimani-ista-adb/?gidis=07.05.2026&donus=09.05.2026&yetiskin=1&sinif=ekonomi&currency=TRY&save=1,20260427_212554,2026-04-27,10,Thursday,0,Bilinmiyor
2026-04-27 21:25:54.998086+03:00,enuygun,IST,ADB,2026-05-07,2026-05-09,Unknown,,,4393.0,TRY,https://www.enuygun.com/ucak-bileti/arama/istanbul-izmir-adnan-menderes-havalimani-ista-adb/?gidis=07.05.2026&donus=09.05.2026&yetiskin=1&sinif=ekonomi&currency=TRY&save=1,20260427_212554,2026-04-27,10,Thursday,0,Bilinmiyor
2026-04-27 21:28:13.685749+03:00,enuygun,IST,AYT,2026-05-07,2026-05-09,Unknown,,,1475.0,TRY,https://www.enuygun.com/ucak-bileti/arama/istanbul-antalya-havalimani-ista-ayt/?gidis=07.05.2026&donus=09.05.2026&yetiskin=1&sinif=ekonomi&currency=TRY&save=1&ref=homepage&geotrip=domestic&trip=domestic,20260427_212813,2026-04-27,10,Thursday,0,Bilinmiyor
2026-04-27 21:28:13.741747+03:00,enuygun,IST,AYT,2026-05-07,2026-05-09,Unknown,,,1479.0,TRY,https://www.enuygun.com/ucak-bileti/arama/istanbul-antalya-havalimani-ista-ayt/?gidis=07.05.2026&donus=09.05.2026&yetiskin=1&sinif=ekonomi&currency=TRY&save=1&ref=homepage&geotrip=domestic&trip=domestic,20260427_212813,2026-04-27,10,Thursday,0,Bilinmiyor
2026-04-27 21:28:13.825804+03:00,enuygun,IST,AYT,2026-05-07,2026-05-09,Unknown,,,1688.0,TRY,https://www.enuygun.com/ucak-bileti/arama/istanbul-antalya-havalimani-ista-ayt/?gidis=07.05.2026&donus=09.05.2026&yetiskin=1&sinif=ekonomi&currency=TRY&save=1&ref=homepage&geotrip=domestic&trip=domestic,20260427_212813,2026-04-27,10,Thursday,0,Bilinmiyor
2026-04-27 21:28:13.916548+03:00,enuygun,IST,AYT,2026-05-07,2026-05-09,Unknown,,,1956.0,TRY,https://www.enuygun.com/ucak-bileti/arama/istanbul-antalya-havalimani-ista-ayt/?gidis=07.05.2026&donus=09.05.2026&yetiskin=1&sinif=ekonomi&currency=TRY&save=1&ref=homepage&geotrip=domestic&trip=domestic,20260427_212813,2026-04-27,10,Thursday,0,Bilinmiyor
2026-04-27 21:28:13.949530+03:00,enuygun,IST,AYT,2026-05-07,2026-05-09,Unknown,,,2062.0,TRY,https://www.enuygun.com/ucak-bileti/arama/istanbul-antalya-havalimani-ista-ayt/?gidis=07.05.2026&donus=09.05.2026&yetiskin=1&sinif=ekonomi&currency=TRY&save=1&ref=homepage&geotrip=domestic&trip=domestic,20260427_212813,2026-04-27,10,Thursday,0,Bilinmiyor
2026-04-27 21:28:14.049427+03:00,enuygun,IST,AYT,2026-05-07,2026-05-09,Unknown,,,2130.0,TRY,https://www.enuygun.com/ucak-bileti/arama/istanbul-antalya-havalimani-ista-ayt/?gidis=07.05.2026&donus=09.05.2026&yetiskin=1&sinif=ekonomi&currency=TRY&save=1&ref=homepage&geotrip=domestic&trip=domestic,20260427_212813,2026-04-27,10,Thursday,0,Bilinmiyor
2026-04-27 21:28:14.065665+03:00,enuygun,IST,AYT,2026-05-07,2026-05-09,Unknown,,,2220.0,TRY,https://www.enuygun.com/ucak-bileti/arama/istanbul-antalya-havalimani-ista-ayt/?gidis=07.05.2026&donus=09.05.2026&yetiskin=1&sinif=ekonomi&currency=TRY&save=1&ref=homepage&geotrip=domestic&trip=domestic,20260427_212813,2026-04-27,10,Thursday,0,Bilinmiyor
2026-04-27 21:28:14.094511+03:00,enuygun,IST,AYT,2026-05-07,2026-05-09,Unknown,,,2669.0,TRY,https://www.enuygun.com/ucak-bileti/arama/istanbul-antalya-havalimani-ista-ayt/?gidis=07.05.2026&donus=09.05.2026&yetiskin=1&sinif=ekonomi&currency=TRY&save=1&ref=homepage&geotrip=domestic&trip=domestic,20260427_212813,2026-04-27,10,Thursday,0,Bilinmiyor
2026-04-27 21:28:14.108275+03:00,enuygun,IST,AYT,2026-05-07,2026-05-09,Unknown,,,2746.0,TRY,https://www.enuygun.com/ucak-bileti/arama/istanbul-antalya-havalimani-ista-ayt/?gidis=07.05.2026&donus=09.05.2026&yetiskin=1&sinif=ekonomi&currency=TRY&save=1&ref=homepage&geotrip=domestic&trip=domestic,20260427_212813,2026-04-27,10,Thursday,0,Bilinmiyor
2026-04-27 21:28:14.121417+03:00,enuygun,IST,AYT,2026-05-07,2026-05-09,Unknown,,,2806.0,TRY,https://www.enuygun.com/ucak-bileti/arama/istanbul-antalya-havalimani-ista-ayt/?gidis=07.05.2026&donus=09.05.2026&yetiskin=1&sinif=ekonomi&currency=TRY&save=1&ref=homepage&geotrip=domestic&trip=domestic,20260427_212813,2026-04-27,10,Thursday,0,Bilinmiyor
2026-04-27 21:28:14.136960+03:00,enuygun,IST,AYT,2026-05-07,2026-05-09,Unknown,,,2843.0,TRY,https://www.enuygun.com/ucak-bileti/arama/istanbul-antalya-havalimani-ista-ayt/?gidis=07.05.2026&donus=09.05.2026&yetiskin=1&sinif=ekonomi&currency=TRY&save=1&ref=homepage&geotrip=domestic&trip=domestic,20260427_212813,2026-04-27,10,Thursday,0,Bilinmiyor
2026-04-27 21:28:14.165928+03:00,enuygun,IST,AYT,2026-05-07,2026-05-09,Unknown,,,3031.0,TRY,https://www.enuygun.com/ucak-bileti/arama/istanbul-antalya-havalimani-ista-ayt/?gidis=07.05.2026&donus=09.05.2026&yetiskin=1&sinif=ekonomi&currency=TRY&save=1&ref=homepage&geotrip=domestic&trip=domestic,20260427_212813,2026-04-27,10,Thursday,0,Bilinmiyor
2026-04-27 21:28:14.180818+03:00,enuygun,IST,AYT,2026-05-07,2026-05-09,Unknown,,,3188.0,TRY,https://www.enuygun.com/ucak-bileti/arama/istanbul-antalya-havalimani-ista-ayt/?gidis=07.05.2026&donus=09.05.2026&yetiskin=1&sinif=ekonomi&currency=TRY&save=1&ref=homepage&geotrip=domestic&trip=domestic,20260427_212813,2026-04-27,10,Thursday,0,Bilinmiyor
2026-04-27 21:28:14.225811+03:00,enuygun,IST,AYT,2026-05-07,2026-05-09,Unknown,,,3331.0,TRY,https://www.enuygun.com/ucak-bileti/arama/istanbul-antalya-havalimani-ista-ayt/?gidis=07.05.2026&donus=09.05.2026&yetiskin=1&sinif=ekonomi&currency=TRY&save=1&ref=homepage&geotrip=domestic&trip=domestic,20260427_212813,2026-04-27,10,Thursday,0,Bilinmiyor
2026-04-27 21:28:14.240636+03:00,enuygun,IST,AYT,2026-05-07,2026-05-09,Unknown,,,3381.0,TRY,https://www.enuygun.com/ucak-bileti/arama/istanbul-antalya-havalimani-ista-ayt/?gidis=07.05.2026&donus=09.05.2026&yetiskin=1&sinif=ekonomi&currency=TRY&save=1&ref=homepage&geotrip=domestic&trip=domestic,20260427_212813,2026-04-27,10,Thursday,0,Bilinmiyor
2026-04-27 21:28:14.258090+03:00,enuygun,IST,AYT,2026-05-07,2026-05-09,Unknown,,,3538.0,TRY,https://www.enuygun.com/ucak-bileti/arama/istanbul-antalya-havalimani-ista-ayt/?gidis=07.05.2026&donus=09.05.2026&yetiskin=1&sinif=ekonomi&currency=TRY&save=1&ref=homepage&geotrip=domestic&trip=domestic,20260427_212813,2026-04-27,10,Thursday,0,Bilinmiyor
2026-04-27 21:28:14.310865+03:00,enuygun,IST,AYT,2026-05-07,2026-05-09,Unknown,,,3911.0,TRY,https://www.enuygun.com/ucak-bileti/arama/istanbul-antalya-havalimani-ista-ayt/?gidis=07.05.2026&donus=09.05.2026&yetiskin=1&sinif=ekonomi&currency=TRY&save=1&ref=homepage&geotrip=domestic&trip=domestic,20260427_212813,2026-04-27,10,Thursday,0,Bilinmiyor
2026-04-27 21:28:14.355310+03:00,enuygun,IST,AYT,2026-05-07,2026-05-09,Unknown,,,4011.0,TRY,https://www.enuygun.com/ucak-bileti/arama/istanbul-antalya-havalimani-ista-ayt/?gidis=07.05.2026&donus=09.05.2026&yetiskin=1&sinif=ekonomi&currency=TRY&save=1&ref=homepage&geotrip=domestic&trip=domestic,20260427_212813,2026-04-27,10,Thursday,0,Bilinmiyor
2026-04-27 21:28:14.374898+03:00,enuygun,IST,AYT,2026-05-07,2026-05-09,Unknown,,,4514.0,TRY,https://www.enuygun.com/ucak-bileti/arama/istanbul-antalya-havalimani-ista-ayt/?gidis=07.05.2026&donus=09.05.2026&yetiskin=1&sinif=ekonomi&currency=TRY&save=1&ref=homepage&geotrip=domestic&trip=domestic,20260427_212813,2026-04-27,10,Thursday,0,Bilinmiyor
2026-04-27 21:28:14.421363+03:00,enuygun,IST,AYT,2026-05-07,2026-05-09,Unknown,,,4619.0,TRY,https://www.enuygun.com/ucak-bileti/arama/istanbul-antalya-havalimani-ista-ayt/?gidis=07.05.2026&donus=09.05.2026&yetiskin=1&sinif=ekonomi&currency=TRY&save=1&ref=homepage&geotrip=domestic&trip=domestic,20260427_212813,2026-04-27,10,Thursday,0,Bilinmiyor
2026-04-27 21:28:14.442083+03:00,enuygun,IST,AYT,2026-05-07,2026-05-09,Unknown,,,5074.0,TRY,https://www.enuygun.com/ucak-bileti/arama/istanbul-antalya-havalimani-ista-ayt/?gidis=07.05.2026&donus=09.05.2026&yetiskin=1&sinif=ekonomi&currency=TRY&save=1&ref=homepage&geotrip=domestic&trip=domestic,20260427_212813,2026-04-27,10,Thursday,0,Bilinmiyor
2026-04-27 21:28:14.460238+03:00,enuygun,IST,AYT,2026-05-07,2026-05-09,Unknown,,,5239.0,TRY,https://www.enuygun.com/ucak-bileti/arama/istanbul-antalya-havalimani-ista-ayt/?gidis=07.05.2026&donus=09.05.2026&yetiskin=1&sinif=ekonomi&currency=TRY&save=1&ref=homepage&geotrip=domestic&trip=domestic,20260427_212813,2026-04-27,10,Thursday,0,Bilinmiyor
2026-04-27 21:28:14.495773+03:00,enuygun,IST,AYT,2026-05-07,2026-05-09,Unknown,,,5526.0,TRY,https://www.enuygun.com/ucak-bileti/arama/istanbul-antalya-havalimani-ista-ayt/?gidis=07.05.2026&donus=09.05.2026&yetiskin=1&sinif=ekonomi&currency=TRY&save=1&ref=homepage&geotrip=domestic&trip=domestic,20260427_212813,2026-04-27,10,Thursday,0,Bilinmiyor
2026-04-27 21:28:14.517230+03:00,enuygun,IST,AYT,2026-05-07,2026-05-09,Unknown,,,6009.0,TRY,https://www.enuygun.com/ucak-bileti/arama/istanbul-antalya-havalimani-ista-ayt/?gidis=07.05.2026&donus=09.05.2026&yetiskin=1&sinif=ekonomi&currency=TRY&save=1&ref=homepage&geotrip=domestic&trip=domestic,20260427_212813,2026-04-27,10,Thursday,0,Bilinmiyor
2026-04-27 21:28:14.536603+03:00,enuygun,IST,AYT,2026-05-07,2026-05-09,Unknown,,,7060.0,TRY,https://www.enuygun.com/ucak-bileti/arama/istanbul-antalya-havalimani-ista-ayt/?gidis=07.05.2026&donus=09.05.2026&yetiskin=1&sinif=ekonomi&currency=TRY&save=1&ref=homepage&geotrip=domestic&trip=domestic,20260427_212813,2026-04-27,10,Thursday,0,Bilinmiyor
2026-04-27 21:28:14.590842+03:00,enuygun,IST,AYT,2026-05-07,2026-05-09,Unknown,,,7329.0,TRY,https://www.enuygun.com/ucak-bileti/arama/istanbul-antalya-havalimani-ista-ayt/?gidis=07.05.2026&donus=09.05.2026&yetiskin=1&sinif=ekonomi&currency=TRY&save=1&ref=homepage&geotrip=domestic&trip=domestic,20260427_212813,2026-04-27,10,Thursday,0,Bilinmiyor
2026-04-27 21:28:14.607396+03:00,enuygun,IST,AYT,2026-05-07,2026-05-09,Unknown,,,7334.0,TRY,https://www.enuygun.com/ucak-bileti/arama/istanbul-antalya-havalimani-ista-ayt/?gidis=07.05.2026&donus=09.05.2026&yetiskin=1&sinif=ekonomi&currency=TRY&save=1&ref=homepage&geotrip=domestic&trip=domestic,20260427_212813,2026-04-27,10,Thursday,0,Bilinmiyor
2026-04-27 21:28:14.623482+03:00,enuygun,IST,AYT,2026-05-07,2026-05-09,Unknown,,,7335.0,TRY,https://www.enuygun.com/ucak-bileti/arama/istanbul-antalya-havalimani-ista-ayt/?gidis=07.05.2026&donus=09.05.2026&yetiskin=1&sinif=ekonomi&currency=TRY&save=1&ref=homepage&geotrip=domestic&trip=domestic,20260427_212813,2026-04-27,10,Thursday,0,Bilinmiyor
2026-04-27 21:28:23.269868+03:00,enuygun,SAW,ESB,2026-05-07,2026-05-09,Unknown,,,1475.0,TRY,https://www.enuygun.com/ucak-bileti/arama/istanbul-sabiha-gokcen-havalimani-ankara-esenboga-havalimani-saw-esb/?gidis=07.05.2026&donus=09.05.2026&yetiskin=1&sinif=ekonomi&currency=TRY&save=1,20260427_212823,2026-04-27,10,Thursday,0,Bilinmiyor
2026-04-27 21:28:23.316362+03:00,enuygun,SAW,ESB,2026-05-07,2026-05-09,Unknown,,,1479.0,TRY,https://www.enuygun.com/ucak-bileti/arama/istanbul-sabiha-gokcen-havalimani-ankara-esenboga-havalimani-saw-esb/?gidis=07.05.2026&donus=09.05.2026&yetiskin=1&sinif=ekonomi&currency=TRY&save=1,20260427_212823,2026-04-27,10,Thursday,0,Bilinmiyor
2026-04-27 21:28:23.393918+03:00,enuygun,SAW,ESB,2026-05-07,2026-05-09,Unknown,,,2006.0,TRY,https://www.enuygun.com/ucak-bileti/arama/istanbul-sabiha-gokcen-havalimani-ankara-esenboga-havalimani-saw-esb/?gidis=07.05.2026&donus=09.05.2026&yetiskin=1&sinif=ekonomi&currency=TRY&save=1,20260427_212823,2026-04-27,10,Thursday,0,Bilinmiyor
2026-04-27 21:28:23.406920+03:00,enuygun,SAW,ESB,2026-05-07,2026-05-09,Unknown,,,2062.0,TRY,https://www.enuygun.com/ucak-bileti/arama/istanbul-sabiha-gokcen-havalimani-ankara-esenboga-havalimani-saw-esb/?gidis=07.05.2026&donus=09.05.2026&yetiskin=1&sinif=ekonomi&currency=TRY&save=1,20260427_212823,2026-04-27,10,Thursday,0,Bilinmiyor
2026-04-27 21:28:23.440956+03:00,enuygun,SAW,ESB,2026-05-07,2026-05-09,Unknown,,,2315.0,TRY,https://www.enuygun.com/ucak-bileti/arama/istanbul-sabiha-gokcen-havalimani-ankara-esenboga-havalimani-saw-esb/?gidis=07.05.2026&donus=09.05.2026&yetiskin=1&sinif=ekonomi&currency=TRY&save=1,20260427_212823,2026-04-27,10,Thursday,0,Bilinmiyor
2026-04-27 21:28:23.461725+03:00,enuygun,SAW,ESB,2026-05-07,2026-05-09,Unknown,,,2952.0,TRY,https://www.enuygun.com/ucak-bileti/arama/istanbul-sabiha-gokcen-havalimani-ankara-esenboga-havalimani-saw-esb/?gidis=07.05.2026&donus=09.05.2026&yetiskin=1&sinif=ekonomi&currency=TRY&save=1,20260427_212823,2026-04-27,10,Thursday,0,Bilinmiyor
2026-04-27 21:28:33.659136+03:00,enuygun,IST,ADB,2026-05-07,2026-05-09,Unknown,,,1475.0,TRY,https://www.enuygun.com/ucak-bileti/arama/istanbul-izmir-adnan-menderes-havalimani-ista-adb/?gidis=07.05.2026&donus=09.05.2026&yetiskin=1&sinif=ekonomi&currency=TRY&save=1,20260427_212833,2026-04-27,10,Thursday,0,Bilinmiyor
2026-04-27 21:28:33.707520+03:00,enuygun,IST,ADB,2026-05-07,2026-05-09,Unknown,,,1519.0,TRY,https://www.enuygun.com/ucak-bileti/arama/istanbul-izmir-adnan-menderes-havalimani-ista-adb/?gidis=07.05.2026&donus=09.05.2026&yetiskin=1&sinif=ekonomi&currency=TRY&save=1,20260427_212833,2026-04-27,10,Thursday,0,Bilinmiyor
2026-04-27 21:28:33.722529+03:00,enuygun,IST,ADB,2026-05-07,2026-05-09,Unknown,,,1639.0,TRY,https://www.enuygun.com/ucak-bileti/arama/istanbul-izmir-adnan-menderes-havalimani-ista-adb/?gidis=07.05.2026&donus=09.05.2026&yetiskin=1&sinif=ekonomi&currency=TRY&save=1,20260427_212833,2026-04-27,10,Thursday,0,Bilinmiyor
2026-04-27 21:28:33.768014+03:00,enuygun,IST,ADB,2026-05-07,2026-05-09,Unknown,,,1688.0,TRY,https://www.enuygun.com/ucak-bileti/arama/istanbul-izmir-adnan-menderes-havalimani-ista-adb/?gidis=07.05.2026&donus=09.05.2026&yetiskin=1&sinif=ekonomi&currency=TRY&save=1,20260427_212833,2026-04-27,10,Thursday,0,Bilinmiyor
2026-04-27 21:28:33.795095+03:00,enuygun,IST,ADB,2026-05-07,2026-05-09,Unknown,,,1741.0,TRY,https://www.enuygun.com/ucak-bileti/arama/istanbul-izmir-adnan-menderes-havalimani-ista-adb/?gidis=07.05.2026&donus=09.05.2026&yetiskin=1&sinif=ekonomi&currency=TRY&save=1,20260427_212833,2026-04-27,10,Thursday,0,Bilinmiyor
2026-04-27 21:28:33.813724+03:00,enuygun,IST,ADB,2026-05-07,2026-05-09,Unknown,,,1854.0,TRY,https://www.enuygun.com/ucak-bileti/arama/istanbul-izmir-adnan-menderes-havalimani-ista-adb/?gidis=07.05.2026&donus=09.05.2026&yetiskin=1&sinif=ekonomi&currency=TRY&save=1,20260427_212833,2026-04-27,10,Thursday,0,Bilinmiyor
2026-04-27 21:28:33.835062+03:00,enuygun,IST,ADB,2026-05-07,2026-05-09,Unknown,,,2062.0,TRY,https://www.enuygun.com/ucak-bileti/arama/istanbul-izmir-adnan-menderes-havalimani-ista-adb/?gidis=07.05.2026&donus=09.05.2026&yetiskin=1&sinif=ekonomi&currency=TRY&save=1,20260427_212833,2026-04-27,10,Thursday,0,Bilinmiyor
2026-04-27 21:28:33.950090+03:00,enuygun,IST,ADB,2026-05-07,2026-05-09,Unknown,,,2393.0,TRY,https://www.enuygun.com/ucak-bileti/arama/istanbul-izmir-adnan-menderes-havalimani-ista-adb/?gidis=07.05.2026&donus=09.05.2026&yetiskin=1&sinif=ekonomi&currency=TRY&save=1,20260427_212833,2026-04-27,10,Thursday,0,Bilinmiyor
2026-04-27 21:28:33.974075+03:00,enuygun,IST,ADB,2026-05-07,2026-05-09,Unknown,,,2490.0,TRY,https://www.enuygun.com/ucak-bileti/arama/istanbul-izmir-adnan-menderes-havalimani-ista-adb/?gidis=07.05.2026&donus=09.05.2026&yetiskin=1&sinif=ekonomi&currency=TRY&save=1,20260427_212833,2026-04-27,10,Thursday,0,Bilinmiyor
2026-04-27 21:28:34.116238+03:00,enuygun,IST,ADB,2026-05-07,2026-05-09,Unknown,,,2647.0,TRY,https://www.enuygun.com/ucak-bileti/arama/istanbul-izmir-adnan-menderes-havalimani-ista-adb/?gidis=07.05.2026&donus=09.05.2026&yetiskin=1&sinif=ekonomi&currency=TRY&save=1,20260427_212833,2026-04-27,10,Thursday,0,Bilinmiyor
2026-04-27 21:28:34.127326+03:00,enuygun,IST,ADB,2026-05-07,2026-05-09,Unknown,,,2843.0,TRY,https://www.enuygun.com/ucak-bileti/arama/istanbul-izmir-adnan-menderes-havalimani-ista-adb/?gidis=07.05.2026&donus=09.05.2026&yetiskin=1&sinif=ekonomi&currency=TRY&save=1,20260427_212833,2026-04-27,10,Thursday,0,Bilinmiyor
2026-04-27 21:28:34.184336+03:00,enuygun,IST,ADB,2026-05-07,2026-05-09,Unknown,,,2846.0,TRY,https://www.enuygun.com/ucak-bileti/arama/istanbul-izmir-adnan-menderes-havalimani-ista-adb/?gidis=07.05.2026&donus=09.05.2026&yetiskin=1&sinif=ekonomi&currency=TRY&save=1,20260427_212833,2026-04-27,10,Thursday,0,Bilinmiyor
2026-04-27 21:28:34.197430+03:00,enuygun,IST,ADB,2026-05-07,2026-05-09,Unknown,,,3188.0,TRY,https://www.enuygun.com/ucak-bileti/arama/istanbul-izmir-adnan-menderes-havalimani-ista-adb/?gidis=07.05.2026&donus=09.05.2026&yetiskin=1&sinif=ekonomi&currency=TRY&save=1,20260427_212833,2026-04-27,10,Thursday,0,Bilinmiyor
2026-04-27 21:28:34.211944+03:00,enuygun,IST,ADB,2026-05-07,2026-05-09,Unknown,,,3538.0,TRY,https://www.enuygun.com/ucak-bileti/arama/istanbul-izmir-adnan-menderes-havalimani-ista-adb/?gidis=07.05.2026&donus=09.05.2026&yetiskin=1&sinif=ekonomi&currency=TRY&save=1,20260427_212833,2026-04-27,10,Thursday,0,Bilinmiyor
2026-04-27 21:28:34.227098+03:00,enuygun,IST,ADB,2026-05-07,2026-05-09,Unknown,,,3907.0,TRY,https://www.enuygun.com/ucak-bileti/arama/istanbul-izmir-adnan-menderes-havalimani-ista-adb/?gidis=07.05.2026&donus=09.05.2026&yetiskin=1&sinif=ekonomi&currency=TRY&save=1,20260427_212833,2026-04-27,10,Thursday,0,Bilinmiyor
2026-04-27 21:28:34.253305+03:00,enuygun,IST,ADB,2026-05-07,2026-05-09,Unknown,,,4354.0,TRY,https://www.enuygun.com/ucak-bileti/arama/istanbul-izmir-adnan-menderes-havalimani-ista-adb/?gidis=07.05.2026&donus=09.05.2026&yetiskin=1&sinif=ekonomi&currency=TRY&save=1,20260427_212833,2026-04-27,10,Thursday,0,Bilinmiyor
2026-04-27 21:28:34.280486+03:00,enuygun,IST,ADB,2026-05-07,2026-05-09,Unknown,,,4393.0,TRY,https://www.enuygun.com/ucak-bileti/arama/istanbul-izmir-adnan-menderes-havalimani-ista-adb/?gidis=07.05.2026&donus=09.05.2026&yetiskin=1&sinif=ekonomi&currency=TRY&save=1,20260427_212833,2026-04-27,10,Thursday,0,Bilinmiyor
